NA_id,P_id,score,type,N-AA,
C-8,A-300,1.0,R,C-SER,
C-8,A-300,0.4,P,C-SER,
C-8,A-300,0.35,W,C-SER,
C-8,A-300,0.32,-,C-SER,
C-8,A-300,0.28,+,C-SER,
C-8,A-300,0.23,H,C-SER,
C-8,A-300,0.14,S,C-SER,
C-8,A-300,0.79,R,C-SER_Backbone,
C-8,A-300,0.42,S,C-SER_Backbone,
C-8,A-300,0.32,P,C-SER_Backbone,
C-8,A-300,0.31,W,C-SER_Backbone,
C-8,A-300,0.2,-,C-SER_Backbone,
C-8,A-300,0.2,+,C-SER_Backbone,
C-8,A-300,0.2,H,C-SER_Backbone,
C-8,A-206,0.66,P,C-HIS,
C-8,A-206,0.52,R,C-HIS,
C-8,A-206,0.33,S,C-HIS,
C-8,A-206,0.3,-,C-HIS,
C-8,A-206,0.24,+,C-HIS,
C-8,A-206,0.24,W,C-HIS,
C-8,A-206,0.2,H,C-HIS,
C-8,A-206,0.31,P,C-HIS_Backbone,
C-8,A-206,0.3,R,C-HIS_Backbone,
C-8,A-206,0.23,W,C-HIS_Backbone,
C-8,A-206,0.2,S,C-HIS_Backbone,
C-8,A-206,0.18,H,C-HIS_Backbone,
C-8,A-206,0.14,-,C-HIS_Backbone,
C-8,A-206,0.14,+,C-HIS_Backbone,
C-8,A-301,0.64,R,C-LEU,
C-8,A-301,0.35,P,C-LEU,
C-8,A-301,0.2,+,C-LEU,
C-8,A-301,0.2,S,C-LEU,
C-8,A-301,0.14,-,C-LEU,
C-8,A-301,0.1,H,C-LEU,
C-8,A-301,0.02,W,C-LEU,
C-8,A-301,0.55,R,C-LEU_Backbone,
C-8,A-301,0.36,S,C-LEU_Backbone,
C-8,A-301,0.26,P,C-LEU_Backbone,
C-8,A-301,0.26,W,C-LEU_Backbone,
C-8,A-301,0.18,+,C-LEU_Backbone,
C-8,A-301,0.16,-,C-LEU_Backbone,
C-8,A-301,0.16,H,C-LEU_Backbone,
C-8,A-303,0.64,R,C-VAL,
C-8,A-303,0.58,S,C-VAL,
C-8,A-303,0.44,P,C-VAL,
C-8,A-303,0.31,W,C-VAL,
C-8,A-303,0.28,-,C-VAL,
C-8,A-303,0.22,+,C-VAL,
C-8,A-303,0.16,H,C-VAL,
C-8,A-303,0.53,R,C-VAL_Backbone,
C-8,A-303,0.3,W,C-VAL_Backbone,
C-8,A-303,0.28,S,C-VAL_Backbone,
C-8,A-303,0.24,P,C-VAL_Backbone,
C-8,A-303,0.18,-,C-VAL_Backbone,
C-8,A-303,0.18,+,C-VAL_Backbone,
C-8,A-303,0.18,H,C-VAL_Backbone,
C-8,A-304,0.8,R,C-PHE,
C-8,A-304,0.4,-,C-PHE,
C-8,A-304,0.4,+,C-PHE,
C-8,A-304,0.3,P,C-PHE,
C-8,A-304,0.24,W,C-PHE,
C-8,A-304,0.12,H,C-PHE,
C-8,A-304,0.08,S,C-PHE,
C-8,A-304,0.47,R,C-PHE_Backbone,
C-8,A-304,0.31,W,C-PHE_Backbone,
C-8,A-304,0.3,S,C-PHE_Backbone,
C-8,A-304,0.23,P,C-PHE_Backbone,
C-8,A-304,0.2,+,C-PHE_Backbone,
C-8,A-304,0.18,-,C-PHE_Backbone,
C-8,A-304,0.18,H,C-PHE_Backbone,
C-8,A-269,0.48,R,C-TYR,
C-8,A-269,0.42,H,C-TYR,
C-8,A-269,0.33,-,C-TYR,
C-8,A-269,0.31,P,C-TYR,
C-8,A-269,0.26,W,C-TYR,
C-8,A-269,0.24,+,C-TYR,
C-8,A-269,0.14,S,C-TYR,
C-8,A-269,0.28,W,C-TYR_Backbone,
C-8,A-269,0.25,R,C-TYR_Backbone,
C-8,A-269,0.18,S,C-TYR_Backbone,
C-8,A-269,0.16,P,C-TYR_Backbone,
C-8,A-269,0.16,+,C-TYR_Backbone,
C-8,A-269,0.14,-,C-TYR_Backbone,
C-8,A-269,0.14,H,C-TYR_Backbone,
C-9,A-206,1.0,P,C-HIS,
C-9,A-206,0.44,R,C-HIS,
C-9,A-206,0.37,-,C-HIS,
C-9,A-206,0.37,S,C-HIS,
C-9,A-206,0.3,+,C-HIS,
C-9,A-206,0.3,H,C-HIS,
C-9,A-206,0.27,W,C-HIS,
C-9,A-206,0.42,P,C-HIS_Backbone,
C-9,A-206,0.3,R,C-HIS_Backbone,
C-9,A-206,0.25,W,C-HIS_Backbone,
C-9,A-206,0.22,H,C-HIS_Backbone,
C-9,A-206,0.18,-,C-HIS_Backbone,
C-9,A-206,0.18,S,C-HIS_Backbone,
C-9,A-206,0.16,+,C-HIS_Backbone,
C-9,A-300,0.78,P,C-SER,
C-9,A-300,0.65,R,C-SER,
C-9,A-300,0.3,-,C-SER,
C-9,A-300,0.29,W,C-SER,
C-9,A-300,0.26,+,C-SER,
C-9,A-300,0.25,H,C-SER,
C-9,A-300,0.1,S,C-SER,
C-9,A-300,0.55,P,C-SER_Backbone,
C-9,A-300,0.53,R,C-SER_Backbone,
C-9,A-300,0.25,W,C-SER_Backbone,
C-9,A-300,0.22,H,C-SER_Backbone,
C-9,A-300,0.2,-,C-SER_Backbone,
C-9,A-300,0.2,S,C-SER_Backbone,
C-9,A-300,0.16,+,C-SER_Backbone,
C-9,A-301,0.7,R,C-LEU,
C-9,A-301,0.61,P,C-LEU,
C-9,A-301,0.2,+,C-LEU,
C-9,A-301,0.16,S,C-LEU,
C-9,A-301,0.14,-,C-LEU,
C-9,A-301,0.12,H,C-LEU,
C-9,A-301,0.02,W,C-LEU,
C-9,A-301,0.51,R,C-LEU_Backbone,
C-9,A-301,0.45,P,C-LEU_Backbone,
C-9,A-301,0.23,W,C-LEU_Backbone,
C-9,A-301,0.2,S,C-LEU_Backbone,
C-9,A-301,0.18,-,C-LEU_Backbone,
C-9,A-301,0.18,H,C-LEU_Backbone,
C-9,A-301,0.16,+,C-LEU_Backbone,
C-9,A-205,0.76,P,C-ARG,
C-9,A-205,0.68,H,C-ARG,
C-9,A-205,0.67,R,C-ARG,
C-9,A-205,0.53,S,C-ARG,
C-9,A-205,0.44,+,C-ARG,
C-9,A-205,0.43,W,C-ARG,
C-9,A-205,0.4,-,C-ARG,
C-9,A-205,0.37,P,C-ARG_Backbone,
C-9,A-205,0.28,R,C-ARG_Backbone,
C-9,A-205,0.26,W,C-ARG_Backbone,
C-9,A-205,0.24,H,C-ARG_Backbone,
C-9,A-205,0.18,-,C-ARG_Backbone,
C-9,A-205,0.18,S,C-ARG_Backbone,
C-9,A-205,0.16,+,C-ARG_Backbone,
C-9,A-304,1.0,R,C-PHE,
C-9,A-304,0.46,-,C-PHE,
C-9,A-304,0.4,+,C-PHE,
C-9,A-304,0.38,P,C-PHE,
C-9,A-304,0.22,W,C-PHE,
C-9,A-304,0.16,H,C-PHE,
C-9,A-304,0.06,S,C-PHE,
C-9,A-304,0.57,R,C-PHE_Backbone,
C-9,A-304,0.34,P,C-PHE_Backbone,
C-9,A-304,0.26,W,C-PHE_Backbone,
C-9,A-304,0.2,-,C-PHE_Backbone,
C-9,A-304,0.2,S,C-PHE_Backbone,
C-9,A-304,0.18,H,C-PHE_Backbone,
C-9,A-304,0.16,+,C-PHE_Backbone,
C-9,A-259,0.81,R,C-SER,
C-9,A-259,0.55,W,C-SER,
C-9,A-259,0.5,-,C-SER,
C-9,A-259,0.46,+,C-SER,
C-9,A-259,0.4,P,C-SER,
C-9,A-259,0.32,H,C-SER,
C-9,A-259,0.32,S,C-SER,
C-9,A-259,0.43,R,C-SER_Backbone,
C-9,A-259,0.41,W,C-SER_Backbone,
C-9,A-259,0.38,S,C-SER_Backbone,
C-9,A-259,0.31,P,C-SER_Backbone,
C-9,A-259,0.28,+,C-SER_Backbone,
C-9,A-259,0.26,H,C-SER_Backbone,
C-9,A-259,0.24,-,C-SER_Backbone,
C-9,A-268,0.6,R,C-PRO,
C-9,A-268,0.42,S,C-PRO,
C-9,A-268,0.34,P,C-PRO,
C-9,A-268,0.18,H,C-PRO,
C-9,A-268,0.16,W,C-PRO,
C-9,A-268,0.49,R,C-PRO_Backbone,
C-9,A-268,0.39,W,C-PRO_Backbone,
C-9,A-268,0.34,S,C-PRO_Backbone,
C-9,A-268,0.26,+,C-PRO_Backbone,
C-9,A-268,0.24,P,C-PRO_Backbone,
C-9,A-268,0.22,-,C-PRO_Backbone,
C-9,A-268,0.2,H,C-PRO_Backbone,
C-9,A-202,0.6,R,C-MET,
C-9,A-202,0.5,P,C-MET,
C-9,A-202,0.26,-,C-MET,
C-9,A-202,0.26,S,C-MET,
C-9,A-202,0.18,+,C-MET,
C-9,A-202,0.12,H,C-MET,
C-9,A-202,0.12,W,C-MET,
C-9,A-202,0.35,P,C-MET_Backbone,
C-9,A-202,0.34,R,C-MET_Backbone,
C-9,A-202,0.3,W,C-MET_Backbone,
C-9,A-202,0.24,S,C-MET_Backbone,
C-9,A-202,0.22,H,C-MET_Backbone,
C-9,A-202,0.2,+,C-MET_Backbone,
C-9,A-202,0.18,-,C-MET_Backbone,
C-9,A-254,0.66,R,C-TYR,
C-9,A-254,0.37,P,C-TYR,
C-9,A-254,0.3,H,C-TYR,
C-9,A-254,0.24,-,C-TYR,
C-9,A-254,0.15,+,C-TYR,
C-9,A-254,0.12,W,C-TYR,
C-9,A-254,0.1,S,C-TYR,
C-9,A-254,0.28,R,C-TYR_Backbone,
C-9,A-254,0.18,P,C-TYR_Backbone,
C-9,A-254,0.18,W,C-TYR_Backbone,
C-9,A-254,0.16,S,C-TYR_Backbone,
C-9,A-254,0.1,-,C-TYR_Backbone,
C-9,A-254,0.1,+,C-TYR_Backbone,
C-9,A-254,0.1,H,C-TYR_Backbone,
C-9,A-264,1.0,W,C-THR,
C-9,A-264,0.58,S,C-THR,
C-9,A-264,0.46,R,C-THR,
C-9,A-264,0.38,P,C-THR,
C-9,A-264,0.36,+,C-THR,
C-9,A-264,0.36,H,C-THR,
C-9,A-264,0.08,-,C-THR,
C-9,A-264,0.67,W,C-THR_Backbone,
C-9,A-264,0.36,R,C-THR_Backbone,
C-9,A-264,0.36,+,C-THR_Backbone,
C-9,A-264,0.32,-,C-THR_Backbone,
C-9,A-264,0.32,H,C-THR_Backbone,
C-9,A-264,0.32,S,C-THR_Backbone,
C-9,A-264,0.23,P,C-THR_Backbone,
C-9,A-262,0.81,W,C-GLY,
C-9,A-262,0.62,H,C-GLY,
C-9,A-262,0.61,+,C-GLY,
C-9,A-262,0.45,P,C-GLY,
C-9,A-262,0.39,R,C-GLY,
C-9,A-262,0.38,-,C-GLY,
C-9,A-262,0.18,S,C-GLY,
C-9,A-262,0.64,H,C-GLY_Backbone,
C-9,A-262,0.64,W,C-GLY_Backbone,
C-9,A-262,0.5,-,C-GLY_Backbone,
C-9,A-262,0.34,R,C-GLY_Backbone,
C-9,A-262,0.34,+,C-GLY_Backbone,
C-9,A-262,0.29,P,C-GLY_Backbone,
C-9,A-262,0.26,S,C-GLY_Backbone,
C-9,A-266,0.58,R,C-TYR,
C-9,A-266,0.54,-,C-TYR,
C-9,A-266,0.52,H,C-TYR,
C-9,A-266,0.35,P,C-TYR,
C-9,A-266,0.3,+,C-TYR,
C-9,A-266,0.28,W,C-TYR,
C-9,A-266,0.26,S,C-TYR,
C-9,A-266,0.49,W,C-TYR_Backbone,
C-9,A-266,0.4,R,C-TYR_Backbone,
C-9,A-266,0.3,+,C-TYR_Backbone,
C-9,A-266,0.28,S,C-TYR_Backbone,
C-9,A-266,0.26,-,C-TYR_Backbone,
C-9,A-266,0.24,H,C-TYR_Backbone,
C-9,A-266,0.23,P,C-TYR_Backbone,
C-9,A-267,0.48,W,C-ALA,
C-9,A-267,0.4,P,C-ALA,
C-9,A-267,0.26,H,C-ALA,
C-9,A-267,0.19,R,C-ALA,
C-9,A-267,0.14,+,C-ALA,
C-9,A-267,0.0,-,C-ALA,
C-9,A-267,0.0,S,C-ALA,
C-9,A-267,0.43,W,C-ALA_Backbone,
C-9,A-267,0.4,R,C-ALA_Backbone,
C-9,A-267,0.28,S,C-ALA_Backbone,
C-9,A-267,0.26,+,C-ALA_Backbone,
C-9,A-267,0.22,-,C-ALA_Backbone,
C-9,A-267,0.21,P,C-ALA_Backbone,
C-9,A-267,0.2,H,C-ALA_Backbone,
C-9,A-263,0.4,W,C-ASN,
C-9,A-263,0.38,H,C-ASN,
C-9,A-263,0.28,+,C-ASN,
C-9,A-263,0.23,R,C-ASN,
C-9,A-263,0.22,P,C-ASN,
C-9,A-263,0.18,-,C-ASN,
C-9,A-263,0.1,S,C-ASN,
C-9,A-263,0.52,W,C-ASN_Backbone,
C-9,A-263,0.38,H,C-ASN_Backbone,
C-9,A-263,0.34,-,C-ASN_Backbone,
C-9,A-263,0.3,R,C-ASN_Backbone,
C-9,A-263,0.28,+,C-ASN_Backbone,
C-9,A-263,0.24,S,C-ASN_Backbone,
C-9,A-263,0.23,P,C-ASN_Backbone,
C-10,A-202,0.92,H,A-MET,
C-10,A-202,0.6,+,A-MET,
C-10,A-202,0.57,W,A-MET,
C-10,A-202,0.38,-,A-MET,
C-10,A-202,0.26,S,A-MET,
C-10,A-202,0.4,H,A-MET_Backbone,
C-10,A-202,0.38,W,A-MET_Backbone,
C-10,A-202,0.37,-,A-MET_Backbone,
C-10,A-202,0.25,+,A-MET_Backbone,
C-10,A-202,0.2,S,A-MET_Backbone,
C-10,A-205,0.52,H,A-ARG,
C-10,A-205,0.48,W,A-ARG,
C-10,A-205,0.31,+,A-ARG,
C-10,A-205,0.3,-,A-ARG,
C-10,A-205,0.2,S,A-ARG,
C-10,A-205,0.36,W,A-ARG_Backbone,
C-10,A-205,0.31,-,A-ARG_Backbone,
C-10,A-205,0.3,H,A-ARG_Backbone,
C-10,A-205,0.21,+,A-ARG_Backbone,
C-10,A-205,0.18,S,A-ARG_Backbone,
C-10,A-206,0.78,W,A-HIS,
C-10,A-206,0.76,H,A-HIS,
C-10,A-206,0.46,S,A-HIS,
C-10,A-206,0.5,W,A-HIS_Backbone,
C-10,A-206,0.41,-,A-HIS_Backbone,
C-10,A-206,0.38,H,A-HIS_Backbone,
C-10,A-206,0.32,+,A-HIS_Backbone,
C-10,A-206,0.26,S,A-HIS_Backbone,
C-10,A-258,0.44,H,A-GLY,
C-10,A-258,0.2,+,A-GLY,
C-10,A-258,0.17,S,A-GLY,
C-10,A-258,0.16,-,A-GLY,
C-10,A-258,0.16,W,A-GLY,
C-10,A-258,0.37,-,A-GLY_Backbone,
C-10,A-258,0.34,H,A-GLY_Backbone,
C-10,A-258,0.26,W,A-GLY_Backbone,
C-10,A-258,0.19,+,A-GLY_Backbone,
C-10,A-258,0.16,S,A-GLY_Backbone,
C-10,A-259,0.48,H,A-SER,
C-10,A-259,0.36,+,A-SER,
C-10,A-259,0.34,-,A-SER,
C-10,A-259,0.26,S,A-SER,
C-10,A-259,0.26,W,A-SER,
C-10,A-259,0.34,H,A-SER_Backbone,
C-10,A-259,0.31,-,A-SER_Backbone,
C-10,A-259,0.26,W,A-SER_Backbone,
C-10,A-259,0.19,+,A-SER_Backbone,
C-10,A-259,0.16,S,A-SER_Backbone,
C-10,A-257,0.3,S,A-ALA,
C-10,A-257,0.2,W,A-ALA,
C-10,A-257,0.14,H,A-ALA,
C-10,A-257,0.08,-,A-ALA,
C-10,A-257,0.02,+,A-ALA,
C-10,A-257,0.49,-,A-ALA_Backbone,
C-10,A-257,0.42,H,A-ALA_Backbone,
C-10,A-257,0.3,W,A-ALA_Backbone,
C-10,A-257,0.26,+,A-ALA_Backbone,
C-10,A-257,0.22,S,A-ALA_Backbone,
C-10,A-241,0.36,H,A-SER,
C-10,A-241,0.28,+,A-SER,
C-10,A-241,0.26,-,A-SER,
C-10,A-241,0.2,S,A-SER,
C-10,A-241,0.2,W,A-SER,
C-10,A-241,0.24,-,A-SER_Backbone,
C-10,A-241,0.2,H,A-SER_Backbone,
C-10,A-241,0.18,W,A-SER_Backbone,
C-10,A-241,0.12,+,A-SER_Backbone,
C-10,A-241,0.12,S,A-SER_Backbone,
C-10,A-254,0.46,H,A-TYR,
C-10,A-254,0.37,-,A-TYR,
C-10,A-254,0.37,+,A-TYR,
C-10,A-254,0.3,W,A-TYR,
C-10,A-254,0.06,S,A-TYR,
C-10,A-254,0.27,-,A-TYR_Backbone,
C-10,A-254,0.2,H,A-TYR_Backbone,
C-10,A-254,0.2,W,A-TYR_Backbone,
C-10,A-254,0.18,+,A-TYR_Backbone,
C-10,A-254,0.16,S,A-TYR_Backbone,
C-10,A-268,0.37,H,A-PRO,
C-10,A-268,0.27,+,A-PRO,
C-10,A-268,0.26,W,A-PRO,
C-10,A-268,0.24,-,A-PRO,
C-10,A-268,0.1,S,A-PRO,
C-10,A-268,0.24,-,A-PRO_Backbone,
C-10,A-268,0.2,H,A-PRO_Backbone,
C-10,A-268,0.18,W,A-PRO_Backbone,
C-10,A-268,0.14,+,A-PRO_Backbone,
C-10,A-268,0.14,S,A-PRO_Backbone,
C-10,A-208,0.82,-,A-ILE,
C-10,A-208,0.58,+,A-ILE,
C-10,A-208,0.46,S,A-ILE,
C-10,A-208,0.43,W,A-ILE,
C-10,A-208,0.22,H,A-ILE,
C-10,A-208,0.46,W,A-ILE_Backbone,
C-10,A-208,0.41,-,A-ILE_Backbone,
C-10,A-208,0.34,H,A-ILE_Backbone,
C-10,A-208,0.32,+,A-ILE_Backbone,
C-10,A-208,0.26,S,A-ILE_Backbone,
C-10,A-256,0.52,H,A-TYR,
C-10,A-256,0.33,W,A-TYR,
C-10,A-256,0.06,S,A-TYR,
C-10,A-256,0.39,-,A-TYR_Backbone,
C-10,A-256,0.28,H,A-TYR_Backbone,
C-10,A-256,0.24,W,A-TYR_Backbone,
C-10,A-256,0.21,+,A-TYR_Backbone,
C-10,A-256,0.18,S,A-TYR_Backbone,
C-10,A-301,0.69,-,A-LEU,
C-10,A-301,0.65,+,A-LEU,
C-10,A-301,0.56,W,A-LEU,
C-10,A-301,0.52,H,A-LEU,
C-10,A-301,0.46,S,A-LEU,
C-10,A-301,0.35,-,A-LEU_Backbone,
C-10,A-301,0.32,W,A-LEU_Backbone,
C-10,A-301,0.3,H,A-LEU_Backbone,
C-10,A-301,0.3,S,A-LEU_Backbone,
C-10,A-301,0.28,+,A-LEU_Backbone,
C-10,A-255,0.35,H,A-MET,
C-10,A-255,0.31,W,A-MET,
C-10,A-255,0.26,+,A-MET,
C-10,A-255,0.24,-,A-MET,
C-10,A-255,0.14,S,A-MET,
C-10,A-255,0.35,-,A-MET_Backbone,
C-10,A-255,0.24,H,A-MET_Backbone,
C-10,A-255,0.24,W,A-MET_Backbone,
C-10,A-255,0.21,+,A-MET_Backbone,
C-10,A-255,0.2,S,A-MET_Backbone,
C-10,A-305,0.48,+,A-LYS,
C-10,A-305,0.33,-,A-LYS,
C-10,A-305,0.31,W,A-LYS,
C-10,A-305,0.28,S,A-LYS,
C-10,A-305,0.2,H,A-LYS,
C-10,A-305,0.24,-,A-LYS_Backbone,
C-10,A-305,0.2,W,A-LYS_Backbone,
C-10,A-305,0.18,H,A-LYS_Backbone,
C-10,A-305,0.18,S,A-LYS_Backbone,
C-10,A-305,0.16,+,A-LYS_Backbone,
C-10,B-5,0.58,-,A-CYS,
C-10,B-5,0.46,W,A-CYS,
C-10,B-5,0.38,S,A-CYS,
C-10,B-5,0.3,+,A-CYS,
C-10,B-5,0.2,H,A-CYS,
C-10,B-5,0.45,-,A-CYS_Backbone,
C-10,B-5,0.4,+,A-CYS_Backbone,
C-10,B-5,0.38,W,A-CYS_Backbone,
C-10,B-5,0.34,S,A-CYS_Backbone,
C-10,B-5,0.3,H,A-CYS_Backbone,
C-10,B-4,0.64,-,A-GLU,
C-10,B-4,0.54,W,A-GLU,
C-10,B-4,0.5,H,A-GLU,
C-10,B-4,0.48,S,A-GLU,
C-10,B-4,0.43,+,A-GLU,
C-10,B-4,0.46,W,A-GLU_Backbone,
C-10,B-4,0.39,-,A-GLU_Backbone,
C-10,B-4,0.39,+,A-GLU_Backbone,
C-10,B-4,0.32,S,A-GLU_Backbone,
C-10,B-4,0.3,H,A-GLU_Backbone,
C-10,A-300,0.56,+,A-SER,
C-10,A-300,0.52,H,A-SER,
C-10,A-300,0.48,-,A-SER,
C-10,A-300,0.48,S,A-SER,
C-10,A-300,0.44,W,A-SER,
C-10,A-300,0.33,-,A-SER_Backbone,
C-10,A-300,0.32,W,A-SER_Backbone,
C-10,A-300,0.28,H,A-SER_Backbone,
C-10,A-300,0.28,S,A-SER_Backbone,
C-10,A-300,0.26,+,A-SER_Backbone,
C-10,A-138,0.74,W,A-MET,
C-10,A-138,0.64,+,A-MET,
C-10,A-138,0.42,H,A-MET,
C-10,A-138,0.42,S,A-MET,
C-10,A-138,0.38,-,A-MET,
C-10,A-138,0.26,W,A-MET_Backbone,
C-10,A-138,0.25,-,A-MET_Backbone,
C-10,A-138,0.24,S,A-MET_Backbone,
C-10,A-138,0.23,+,A-MET_Backbone,
C-10,A-138,0.18,H,A-MET_Backbone,
C-10,A-139,0.54,W,A-HIS,
C-10,A-139,0.47,S,A-HIS,
C-10,A-139,0.36,-,A-HIS,
C-10,A-139,0.34,H,A-HIS,
C-10,A-139,0.28,+,A-HIS,
C-10,A-139,0.24,-,A-HIS_Backbone,
C-10,A-139,0.24,W,A-HIS_Backbone,
C-10,A-139,0.22,S,A-HIS_Backbone,
C-10,A-139,0.21,+,A-HIS_Backbone,
C-10,A-139,0.18,H,A-HIS_Backbone,
